dataset,host,width,height,workers,format,scenario,variant,runs,median_ms,min_run_ms,max_run_ms
construction,linux,3840,2160,1,rgba8,candidate,newcc,3,292.366841,291.170469,296.486569
construction,linux,3840,2160,1,rgba8,candidate,newcs,3,155.513125,155.154852,155.965371
construction,linux,3840,2160,1,rgba8,candidate,newss,3,145.889287,145.786301,146.122763
construction,linux,3840,2160,1,rgba8,candidate,oldcc,3,295.706744,295.485414,296.346434
construction,linux,3840,2160,1,rgba8,candidate,oldcs,3,154.907894,154.695091,154.944493
construction,linux,3840,2160,1,rgba8,candidate,oldss,3,145.57884,145.311399,145.655413
construction,linux,3840,2160,1,rgba8,compare,newcc,3,90.511919,90.294641,90.966958
construction,linux,3840,2160,1,rgba8,compare,newcs,3,61.369341,60.130496,62.112483
construction,linux,3840,2160,1,rgba8,compare,newss,3,71.107324,71.002572,71.465134
construction,linux,3840,2160,1,rgba8,compare,oldcc,3,90.429378,90.225991,90.78086
construction,linux,3840,2160,1,rgba8,compare,oldcs,3,61.196463,61.162839,62.432317
construction,linux,3840,2160,1,rgba8,compare,oldss,3,71.367895,71.014087,71.481966
construction,linux,3840,2160,1,rgba8,pair,newcc,3,385.907337,384.279595,386.671196
construction,linux,3840,2160,1,rgba8,pair,newcs,3,230.956171,230.936704,232.047933
construction,linux,3840,2160,1,rgba8,pair,newss,3,184.334986,183.212253,185.630918
construction,linux,3840,2160,1,rgba8,pair,oldcc,3,385.853294,385.720542,385.931824
construction,linux,3840,2160,1,rgba8,pair,oldcs,3,230.636954,229.975057,231.568122
construction,linux,3840,2160,1,rgba8,pair,oldss,3,183.579321,183.348983,187.121779
construction,linux,3840,2160,6,rgba8,candidate,newcc,3,124.775121,121.197471,130.34626
construction,linux,3840,2160,6,rgba8,candidate,newcs,3,54.5309175,48.055288,61.535618
construction,linux,3840,2160,6,rgba8,candidate,newss,3,39.190614,38.3125645,47.521284
construction,linux,3840,2160,6,rgba8,candidate,oldcc,3,129.986741,121.620049,131.117374
construction,linux,3840,2160,6,rgba8,candidate,oldcs,3,56.694023,52.7773705,58.57108
construction,linux,3840,2160,6,rgba8,candidate,oldss,3,50.5914145,41.0962625,50.7856155
construction,linux,3840,2160,6,rgba8,compare,newcc,3,51.7714625,47.2292895,56.10794
construction,linux,3840,2160,6,rgba8,compare,newcs,3,22.634249699999998,22.4957533,22.648562300000002
construction,linux,3840,2160,6,rgba8,compare,newss,3,26.4899183,21.1769557,29.0709517
construction,linux,3840,2160,6,rgba8,compare,oldcc,3,48.1860865,44.69659,53.537566
construction,linux,3840,2160,6,rgba8,compare,oldcs,3,22.3426023,22.2627707,22.514451
construction,linux,3840,2160,6,rgba8,compare,oldss,3,21.493159300000002,20.929154699999998,24.7154843
construction,linux,3840,2160,6,rgba8,pair,newcc,3,204.230979,185.630567,214.105351
construction,linux,3840,2160,6,rgba8,pair,newcs,3,108.641718,100.623456,113.992794
construction,linux,3840,2160,6,rgba8,pair,newss,3,62.828432,59.6400825,72.603843
construction,linux,3840,2160,6,rgba8,pair,oldcc,3,178.719383,171.274666,179.472181
construction,linux,3840,2160,6,rgba8,pair,oldcs,3,118.343551,114.029975,120.336712
construction,linux,3840,2160,6,rgba8,pair,oldss,3,61.956818,58.7669415,70.485604
construction,linux,512,512,1,rgba8,candidate,newcc,3,2.990427,2.966717,3.0087106
construction,linux,512,512,1,rgba8,candidate,newcs,3,3.1286503999999997,3.1169962,3.134836
construction,linux,512,512,1,rgba8,candidate,newss,3,3.6080877,3.5915974,3.6152225
construction,linux,512,512,1,rgba8,candidate,oldcc,3,2.996223,2.9875667999999997,3.0103141
construction,linux,512,512,1,rgba8,candidate,oldcs,3,3.1090775,3.1046302000000003,3.1154088
construction,linux,512,512,1,rgba8,candidate,oldss,3,3.6259899,3.6245107,3.6435991000000003
construction,linux,512,512,1,rgba8,compare,newcc,3,1.1425158999999998,1.1424635,1.1538721
construction,linux,512,512,1,rgba8,compare,newcs,3,2.1043824,2.0884595,2.1112366000000002
construction,linux,512,512,1,rgba8,compare,newss,3,2.5440661,2.5356461,2.5600441000000003
construction,linux,512,512,1,rgba8,compare,oldcc,3,1.1521318999999999,1.1462657,1.1522158
construction,linux,512,512,1,rgba8,compare,oldcs,3,2.0978059,2.0832173,2.102415
construction,linux,512,512,1,rgba8,compare,oldss,3,2.5607717,2.5551314,2.5647416
construction,linux,512,512,1,rgba8,pair,newcc,3,5.0219048,4.9943074,5.0473707999999995
construction,linux,512,512,1,rgba8,pair,newcs,3,4.8653715,4.860694400000001,4.8872972
construction,linux,512,512,1,rgba8,pair,newss,3,4.6452345,4.6348663,4.6619899
construction,linux,512,512,1,rgba8,pair,oldcc,3,5.0109685,5.0090612000000005,5.036213099999999
construction,linux,512,512,1,rgba8,pair,oldcs,3,4.8436613,4.8340389,4.8823941
construction,linux,512,512,1,rgba8,pair,oldss,3,4.6577465,4.6559094000000005,4.6757655
construction,linux,512,512,6,rgba8,candidate,newcc,3,1.1170426,1.11434,1.1279746000000002
construction,linux,512,512,6,rgba8,candidate,newcs,3,0.9305741,0.9294894,0.9443928
construction,linux,512,512,6,rgba8,candidate,newss,3,1.0161485,1.0136806999999999,1.0172529000000001
construction,linux,512,512,6,rgba8,candidate,oldcc,3,1.1189776999999999,1.1146342,1.1275594
construction,linux,512,512,6,rgba8,candidate,oldcs,3,0.9316215999999999,0.9294854,0.935836
construction,linux,512,512,6,rgba8,candidate,oldss,3,1.014318,1.0119916,1.0164206999999998
construction,linux,512,512,6,rgba8,compare,newcc,3,0.5547844000000001,0.5527266999999999,0.558087
construction,linux,512,512,6,rgba8,compare,newcs,3,0.5954056,0.5913341,0.6009908
construction,linux,512,512,6,rgba8,compare,newss,3,0.6972954,0.6911351,0.6975295
construction,linux,512,512,6,rgba8,compare,oldcc,3,0.5505726999999999,0.5462256,0.5548253000000001
construction,linux,512,512,6,rgba8,compare,oldcs,3,0.594273,0.5924676,0.5970326
construction,linux,512,512,6,rgba8,compare,oldss,3,0.6965515,0.6937408,0.6979724
construction,linux,512,512,6,rgba8,pair,newcc,3,1.6481511000000002,1.6464745,1.6495764
construction,linux,512,512,6,rgba8,pair,newcs,3,1.3697243000000001,1.3693315,1.3710209
construction,linux,512,512,6,rgba8,pair,newss,3,1.3343548,1.334005,1.3410718000000001
construction,linux,512,512,6,rgba8,pair,oldcc,3,1.6388532,1.6336758999999998,1.6445893
construction,linux,512,512,6,rgba8,pair,oldcs,3,1.3674681000000002,1.364984,1.3709978999999999
construction,linux,512,512,6,rgba8,pair,oldss,3,1.3322791,1.3321008,1.3392304
construction,mac,3840,2160,1,rgba8,candidate,newcc,3,105.167208,104.67375,105.20075
construction,mac,3840,2160,1,rgba8,candidate,newcs,3,108.016292,107.960584,108.359417
construction,mac,3840,2160,1,rgba8,candidate,newss,3,133.030041,131.764334,133.558958
construction,mac,3840,2160,1,rgba8,candidate,oldcc,3,105.27325,105.070375,105.646125
construction,mac,3840,2160,1,rgba8,candidate,oldcs,3,108.2805,108.264625,109.055042
construction,mac,3840,2160,1,rgba8,candidate,oldss,3,133.037292,131.754417,133.8125
construction,mac,3840,2160,1,rgba8,compare,newcc,3,41.986333,41.940854,42.5145625
construction,mac,3840,2160,1,rgba8,compare,newcs,3,70.0525,70.016334,70.092792
construction,mac,3840,2160,1,rgba8,compare,newss,3,93.738458,93.588167,96.37725
construction,mac,3840,2160,1,rgba8,compare,oldcc,3,42.0415625,41.989896,42.0488125
construction,mac,3840,2160,1,rgba8,compare,oldcs,3,70.0655,70.022875,71.980833
construction,mac,3840,2160,1,rgba8,compare,oldss,3,93.570084,93.567708,93.5975
construction,mac,3840,2160,1,rgba8,pair,newcc,3,168.993292,168.540667,171.227542
construction,mac,3840,2160,1,rgba8,pair,newcs,3,170.812709,170.639667,173.476958
construction,mac,3840,2160,1,rgba8,pair,newss,3,170.158708,169.548208,170.637291
construction,mac,3840,2160,1,rgba8,pair,oldcc,3,168.310042,167.697208,168.450458
construction,mac,3840,2160,1,rgba8,pair,oldcs,3,171.3915,171.087792,172.026042
construction,mac,3840,2160,1,rgba8,pair,oldss,3,170.848958,170.077083,171.365791
construction,mac,3840,2160,12,rgba8,candidate,newcc,3,32.7424585,32.692417,32.8054375
construction,mac,3840,2160,12,rgba8,candidate,newcs,3,25.641889,25.638111,26.152611
construction,mac,3840,2160,12,rgba8,candidate,newss,3,28.754375,28.0819443,30.569104
construction,mac,3840,2160,12,rgba8,candidate,oldcc,3,32.7445625,32.3744375,33.687917
construction,mac,3840,2160,12,rgba8,candidate,oldcs,3,26.4334027,25.6409723,27.0532083
construction,mac,3840,2160,12,rgba8,candidate,oldss,3,28.8133193,28.4173197,31.255083
construction,mac,3840,2160,12,rgba8,compare,newcc,3,18.5859895,18.382854,18.8710312
construction,mac,3840,2160,12,rgba8,compare,newcs,3,17.6881875,17.452448,17.9069375
construction,mac,3840,2160,12,rgba8,compare,newss,3,21.179944300000002,20.2372223,22.3065833
construction,mac,3840,2160,12,rgba8,compare,oldcc,3,18.4769165,18.4755,19.7556875
construction,mac,3840,2160,12,rgba8,compare,oldcs,3,17.5094062,17.4950938,17.860271
construction,mac,3840,2160,12,rgba8,compare,oldss,3,21.4366667,20.12725,21.7998197
construction,mac,3840,2160,12,rgba8,pair,newcc,3,48.540604,46.6464585,48.597146
construction,mac,3840,2160,12,rgba8,pair,newcs,3,42.090729,39.4955625,42.319104
construction,mac,3840,2160,12,rgba8,pair,newss,3,38.891375,36.4574375,39.8113955
construction,mac,3840,2160,12,rgba8,pair,oldcc,3,47.440604,46.4897915,48.7385415
construction,mac,3840,2160,12,rgba8,pair,oldcs,3,41.8465625,39.6764165,41.965333
construction,mac,3840,2160,12,rgba8,pair,oldss,3,39.479583,36.6621875,39.8999585
construction,mac,3840,2160,6,rgba8,candidate,newcc,3,33.9722085,33.800792,34.9405
construction,mac,3840,2160,6,rgba8,candidate,newcs,3,29.716972300000002,29.684375,32.6104165
construction,mac,3840,2160,6,rgba8,candidate,newss,3,34.534583,34.452021,36.934646
construction,mac,3840,2160,6,rgba8,candidate,oldcc,3,34.118875,33.959792,34.8899375
construction,mac,3840,2160,6,rgba8,candidate,oldcs,3,30.0259447,30.0065973,32.6300625
construction,mac,3840,2160,6,rgba8,candidate,oldss,3,34.6243335,33.809646,38.0565625
construction,mac,3840,2160,6,rgba8,compare,newcc,3,20.0886042,18.975052,20.951486
construction,mac,3840,2160,6,rgba8,compare,newcs,3,21.195166699999998,20.977528,22.6691807
construction,mac,3840,2160,6,rgba8,compare,newss,3,25.9984307,25.2328057,27.6743473
construction,mac,3840,2160,6,rgba8,compare,oldcc,3,19.2059898,18.9617605,20.173527699999998
construction,mac,3840,2160,6,rgba8,compare,oldcs,3,21.2980277,21.089625,22.6327777
construction,mac,3840,2160,6,rgba8,compare,oldss,3,26.653625,25.657514,27.7664583
construction,mac,3840,2160,6,rgba8,pair,newcc,3,49.6532915,48.7143125,50.1694585
construction,mac,3840,2160,6,rgba8,pair,newcs,3,46.307792,45.053375,47.7788125
construction,mac,3840,2160,6,rgba8,pair,newss,3,44.512375,42.2444375,45.323146
construction,mac,3840,2160,6,rgba8,pair,oldcc,3,50.003542,49.8728335,51.363229
construction,mac,3840,2160,6,rgba8,pair,oldcs,3,46.2476665,45.0512085,47.528375
construction,mac,3840,2160,6,rgba8,pair,oldss,3,44.9396665,42.5360415,45.2133335
construction,mac,512,512,1,rgba8,candidate,newcc,3,4.1233528,4.11835,4.1264417
construction,mac,512,512,1,rgba8,candidate,newcs,3,3.6151005,3.6112696,3.6173922000000003
construction,mac,512,512,1,rgba8,candidate,newss,3,4.4294047999999995,4.4262202,4.4301339
construction,mac,512,512,1,rgba8,candidate,oldcc,3,4.12235,4.1217889,4.1239
construction,mac,512,512,1,rgba8,candidate,oldcs,3,3.6204044,3.6195539,3.6246324
construction,mac,512,512,1,rgba8,candidate,oldss,3,4.430372,4.4289673,4.443104099999999
construction,mac,512,512,1,rgba8,compare,newcc,3,1.4410972,1.4395466000000001,1.4425605
construction,mac,512,512,1,rgba8,compare,newcs,3,2.3271218,2.3213317,2.329274
construction,mac,512,512,1,rgba8,compare,newss,3,3.1402312,3.1387855,3.1425209
construction,mac,512,512,1,rgba8,compare,oldcc,3,1.4502907,1.4427698,1.451125
construction,mac,512,512,1,rgba8,compare,oldcs,3,2.3303526,2.3294102999999997,2.3324231
construction,mac,512,512,1,rgba8,compare,oldss,3,3.152725,3.1367291,3.1569958
construction,mac,512,512,1,rgba8,pair,newcc,3,6.0207875,5.999947,6.0424708
construction,mac,512,512,1,rgba8,pair,newcs,3,5.5157121,5.5141554,5.5207955
construction,mac,512,512,1,rgba8,pair,newss,3,5.6041288,5.6029394,5.610553
construction,mac,512,512,1,rgba8,pair,oldcc,3,6.0319375,6.011575,6.1903125
construction,mac,512,512,1,rgba8,pair,oldcs,3,5.532519,5.5267045,5.5884054
construction,mac,512,512,1,rgba8,pair,oldss,3,5.6119697,5.6070909,5.627662900000001
construction,mac,512,512,12,rgba8,candidate,newcc,3,1.339413,1.3216123,1.3455101999999999
construction,mac,512,512,12,rgba8,candidate,newcs,3,1.1403035,1.1382555,1.1571987
construction,mac,512,512,12,rgba8,candidate,newss,3,1.2661675,1.2512283,1.2797456
construction,mac,512,512,12,rgba8,candidate,oldcc,3,1.3257835,1.2822703999999998,1.384054
construction,mac,512,512,12,rgba8,candidate,oldcs,3,1.1502877,1.1442618,1.1581835
construction,mac,512,512,12,rgba8,candidate,oldss,3,1.269572,1.2524714,1.2871259
construction,mac,512,512,12,rgba8,compare,newcc,3,0.7243509,0.7223805,0.739217
construction,mac,512,512,12,rgba8,compare,newcs,3,0.7368755,0.7340005,0.7468935
construction,mac,512,512,12,rgba8,compare,newss,3,0.8432859,0.8417674,0.8451447
construction,mac,512,512,12,rgba8,compare,oldcc,3,0.7363359,0.7241305,0.8835815
construction,mac,512,512,12,rgba8,compare,oldcs,3,0.7381341,0.7367663000000001,0.7470216
construction,mac,512,512,12,rgba8,compare,oldss,3,0.8441082,0.8403351,0.8456062
construction,mac,512,512,12,rgba8,pair,newcc,3,1.9186718999999999,1.9042266,1.9460228
construction,mac,512,512,12,rgba8,pair,newcs,3,1.7294726,1.7268381000000002,1.7315893
construction,mac,512,512,12,rgba8,pair,newss,3,1.6937129,1.6662917,1.734319
construction,mac,512,512,12,rgba8,pair,oldcc,3,1.9279193000000001,1.9133867,1.9843575
construction,mac,512,512,12,rgba8,pair,oldcs,3,1.7458393,1.7350857,1.7851311
construction,mac,512,512,12,rgba8,pair,oldss,3,1.6996204,1.6896191999999999,1.7093785
construction,mac,512,512,6,rgba8,candidate,newcc,3,1.2166983,1.1243448999999999,1.2455731
construction,mac,512,512,6,rgba8,candidate,newcs,3,1.0746778000000001,1.0628129,1.1202068
construction,mac,512,512,6,rgba8,candidate,newss,3,1.2975328000000002,1.2453631,1.3223261000000002
construction,mac,512,512,6,rgba8,candidate,oldcc,3,1.103547,1.0963258,1.1209452
construction,mac,512,512,6,rgba8,candidate,oldcs,3,1.0923765,1.0749672,1.1111371
construction,mac,512,512,6,rgba8,candidate,oldss,3,1.2952837,1.2506771,1.3178071
construction,mac,512,512,6,rgba8,compare,newcc,3,0.6500005,0.6409694,0.68392
construction,mac,512,512,6,rgba8,compare,newcs,3,0.7429161,0.7393699,0.7654088
construction,mac,512,512,6,rgba8,compare,newss,3,0.9121691999999999,0.9106616,0.9647063
construction,mac,512,512,6,rgba8,compare,oldcc,3,0.6434375,0.6409956,0.6574207
construction,mac,512,512,6,rgba8,compare,oldcs,3,0.7458009,0.7395508000000001,0.7628492
construction,mac,512,512,6,rgba8,compare,oldss,3,0.9148895,0.9086449,0.9749671
construction,mac,512,512,6,rgba8,pair,newcc,3,1.6959883999999998,1.6229639,1.754175
construction,mac,512,512,6,rgba8,pair,newcs,3,1.6265551999999999,1.6244888,1.7048102
construction,mac,512,512,6,rgba8,pair,newss,3,1.6283491,1.5813553,1.6844734
construction,mac,512,512,6,rgba8,pair,oldcc,3,1.7308451999999999,1.7089525,1.7563536000000002
construction,mac,512,512,6,rgba8,pair,oldcs,3,1.6402016000000001,1.6345258999999999,1.6789444
construction,mac,512,512,6,rgba8,pair,oldss,3,1.6417883,1.5858651000000001,1.6935613
focused,linux,3840,2160,6,rgba8,pair,newcc,7,189.135242,160.604832,193.300682
focused,linux,3840,2160,6,rgba8,pair,oldcc,7,185.426118,169.72923,202.376557
focused,mac,512,512,6,rgba8,candidate,newcc,7,1.204725,1.1147245,1.2257696
focused,mac,512,512,6,rgba8,candidate,oldcc,7,1.111966,1.0930295,1.22003
main,linux,3840,2160,1,rgba8,candidate,base,3,341.864033,341.804389,342.308587
main,linux,3840,2160,1,rgba8,candidate,cc,3,295.394497,292.453272,296.371923
main,linux,3840,2160,1,rgba8,candidate,cs,3,156.691128,156.609753,157.437115
main,linux,3840,2160,1,rgba8,candidate,ss,3,146.161021,145.801889,146.295787
main,linux,3840,2160,1,rgba8,compare,base,3,91.042621,90.567779,91.678599
main,linux,3840,2160,1,rgba8,compare,cc,3,90.596183,90.513776,91.159253
main,linux,3840,2160,1,rgba8,compare,cs,3,60.01512,59.962499,61.065785
main,linux,3840,2160,1,rgba8,compare,ss,3,71.123434,71.04214,71.688347
main,linux,3840,2160,1,rgba8,pair,base,3,455.041628,454.474071,458.79185
main,linux,3840,2160,1,rgba8,pair,cc,3,386.262215,385.473157,387.86031
main,linux,3840,2160,1,rgba8,pair,cs,3,230.918917,230.406915,231.107516
main,linux,3840,2160,1,rgba8,pair,ss,3,183.714055,182.93754,184.960241
main,linux,3840,2160,6,rgba8,candidate,base,3,167.087811,146.14461,184.774098
main,linux,3840,2160,6,rgba8,candidate,cc,3,121.128635,112.271494,134.389988
main,linux,3840,2160,6,rgba8,candidate,cs,3,58.5110285,54.7383585,59.645152
main,linux,3840,2160,6,rgba8,candidate,ss,3,48.9559675,43.722785,48.9740625
main,linux,3840,2160,6,rgba8,compare,base,3,52.0515165,48.231878,54.211017
main,linux,3840,2160,6,rgba8,compare,cc,3,51.8387425,51.201066,54.532678
main,linux,3840,2160,6,rgba8,compare,cs,3,22.6110553,22.276844,29.079105
main,linux,3840,2160,6,rgba8,compare,ss,3,21.876253,21.1907647,26.4996163
main,linux,3840,2160,6,rgba8,pair,base,3,273.212343,224.752718,287.273615
main,linux,3840,2160,6,rgba8,pair,cc,3,175.177644,172.476564,183.993174
main,linux,3840,2160,6,rgba8,pair,cs,3,117.860778,102.294137,121.9534
main,linux,3840,2160,6,rgba8,pair,ss,3,64.24899,62.11693,72.071163
main,linux,512,512,1,rgba8,candidate,base,3,3.0892475,3.0656056,3.1071655
main,linux,512,512,1,rgba8,candidate,cc,3,2.994529,2.9907017999999996,3.0328925
main,linux,512,512,1,rgba8,candidate,cs,3,3.131392,3.1236067999999997,3.1317888
main,linux,512,512,1,rgba8,candidate,ss,3,3.6068454,3.6033151,3.6112148
main,linux,512,512,1,rgba8,compare,base,3,1.1447548,1.1445371000000002,1.150291
main,linux,512,512,1,rgba8,compare,cc,3,1.1521164,1.1439991,1.1590042
main,linux,512,512,1,rgba8,compare,cs,3,2.0894388999999998,2.0785057,2.1222167
main,linux,512,512,1,rgba8,compare,ss,3,2.569161,2.5533989,2.622504
main,linux,512,512,1,rgba8,pair,base,3,5.0126316,5.011648,5.0523185999999995
main,linux,512,512,1,rgba8,pair,cc,3,5.0083518,4.9889048,5.0658911
main,linux,512,512,1,rgba8,pair,cs,3,4.8463294,4.84017,4.8637502
main,linux,512,512,1,rgba8,pair,ss,3,4.6807635,4.6514986,4.6832721
main,linux,512,512,6,rgba8,candidate,base,3,1.2938867,1.2744836000000002,1.3138498
main,linux,512,512,6,rgba8,candidate,cc,3,1.1121177,1.1010405,1.1216105
main,linux,512,512,6,rgba8,candidate,cs,3,0.9358288,0.932179,0.943405
main,linux,512,512,6,rgba8,candidate,ss,3,1.0173093,1.0150351,1.0205042
main,linux,512,512,6,rgba8,compare,base,3,0.5546981999999999,0.541438,0.5597166
main,linux,512,512,6,rgba8,compare,cc,3,0.5588203,0.5458979,0.5610816
main,linux,512,512,6,rgba8,compare,cs,3,0.5942487,0.5924328000000001,0.6022352
main,linux,512,512,6,rgba8,compare,ss,3,0.6933246,0.6927177,0.7007977
main,linux,512,512,6,rgba8,pair,base,3,2.0508843,2.0488027,2.0649129
main,linux,512,512,6,rgba8,pair,cc,3,1.6497172,1.6470628999999999,1.6500396000000002
main,linux,512,512,6,rgba8,pair,cs,3,1.3619748,1.3599564,1.3656017
main,linux,512,512,6,rgba8,pair,ss,3,1.3341273,1.3339267,1.3371363
main,mac,2049,1024,6,rgba8,candidate,base,3,10.8814307,10.5723125,10.9098055
main,mac,2049,1024,6,rgba8,candidate,cc,3,9.2500536,9.2003036,9.407238099999999
main,mac,2049,1024,6,rgba8,candidate,cs,3,8.0209427,8.003421900000001,8.059656200000001
main,mac,2049,1024,6,rgba8,candidate,ss,3,9.0894464,9.0884584,9.1201369
main,mac,2049,1024,6,rgba8,compare,base,3,5.2435312000000005,5.232649299999999,5.458572
main,mac,2049,1024,6,rgba8,compare,cc,3,5.1537118,4.934875,5.4868787
main,mac,2049,1024,6,rgba8,compare,cs,3,5.7856628,5.7574584,5.797943200000001
main,mac,2049,1024,6,rgba8,compare,ss,3,6.854087900000001,6.7932038,7.19825
main,mac,2049,1024,6,rgba8,pair,base,3,16.4668335,16.211948,16.7094375
main,mac,2049,1024,6,rgba8,pair,cc,3,13.4513166,13.305083400000001,13.856941599999999
main,mac,2049,1024,6,rgba8,pair,cs,3,12.3403332,12.2926,12.5583418
main,mac,2049,1024,6,rgba8,pair,ss,3,11.3648265,11.3111667,11.385152699999999
main,mac,3840,2160,1,linear,candidate,base,3,101.109458,100.040125,102.432208
main,mac,3840,2160,1,linear,candidate,cc,3,99.94275,99.829042,100.706333
main,mac,3840,2160,1,linear,candidate,cs,3,103.333875,103.303083,103.388709
main,mac,3840,2160,1,linear,candidate,ss,3,127.010875,127.006417,127.034084
main,mac,3840,2160,1,linear,compare,base,3,41.9578125,41.954396,42.514833
main,mac,3840,2160,1,linear,compare,cc,3,41.9697295,41.915917,42.3590625
main,mac,3840,2160,1,linear,compare,cs,3,69.95975,69.943917,70.055458
main,mac,3840,2160,1,linear,compare,ss,3,93.687375,93.652583,93.859375
main,mac,3840,2160,1,linear,pair,base,3,152.533292,150.839709,152.62475
main,mac,3840,2160,1,linear,pair,cc,3,152.71225,150.785334,154.336667
main,mac,3840,2160,1,linear,pair,cs,3,156.06975,155.697084,156.985416
main,mac,3840,2160,1,linear,pair,ss,3,154.868666,153.641417,154.889125
main,mac,3840,2160,1,rgba8,candidate,base,3,106.2375,102.3835,107.744625
main,mac,3840,2160,1,rgba8,candidate,cc,3,105.325041,104.027584,107.342
main,mac,3840,2160,1,rgba8,candidate,cs,3,108.119875,104.177833,108.161167
main,mac,3840,2160,1,rgba8,candidate,ss,3,131.794458,127.952334,132.041375
main,mac,3840,2160,1,rgba8,compare,base,3,41.834458,40.634125,41.971875
main,mac,3840,2160,1,rgba8,compare,cc,3,42.0314375,40.7595625,45.2002085
main,mac,3840,2160,1,rgba8,compare,cs,3,70.046292,68.7705,70.085542
main,mac,3840,2160,1,rgba8,compare,ss,3,93.652667,92.746084,94.040542
main,mac,3840,2160,1,rgba8,pair,base,3,170.644292,168.679792,173.791375
main,mac,3840,2160,1,rgba8,pair,cc,3,168.968666,165.097167,170.023208
main,mac,3840,2160,1,rgba8,pair,cs,3,171.143,168.568666,175.4395
main,mac,3840,2160,1,rgba8,pair,ss,3,169.787,167.502,169.996333
main,mac,3840,2160,12,linear,candidate,base,3,32.8165415,32.351479,33.6100625
main,mac,3840,2160,12,linear,candidate,cc,3,32.572479,31.707,35.246458
main,mac,3840,2160,12,linear,candidate,cs,3,24.1599447,23.8733613,24.253458300000002
main,mac,3840,2160,12,linear,candidate,ss,3,26.6190557,26.5594723,26.6453473
main,mac,3840,2160,12,linear,compare,base,3,18.5993125,18.3548125,21.2470833
main,mac,3840,2160,12,linear,compare,cc,3,18.490875,18.4595105,18.6931562
main,mac,3840,2160,12,linear,compare,cs,3,17.462448,17.4511148,17.6246875
main,mac,3840,2160,12,linear,compare,ss,3,20.333639,20.211819300000002,20.3399307
main,mac,3840,2160,12,linear,pair,base,3,45.773354,45.559771,45.9849585
main,mac,3840,2160,12,linear,pair,cc,3,46.6449375,46.407979,47.362771
main,mac,3840,2160,12,linear,pair,cs,3,37.7658125,37.3720625,38.8975
main,mac,3840,2160,12,linear,pair,ss,3,32.703479,32.644083,34.3908125
main,mac,3840,2160,12,rgba8,candidate,base,3,37.8161875,37.559375,37.9625
main,mac,3840,2160,12,rgba8,candidate,cc,3,33.0371665,32.4226045,33.8873125
main,mac,3840,2160,12,rgba8,candidate,cs,3,25.9736947,25.968014,26.5670553
main,mac,3840,2160,12,rgba8,candidate,ss,3,28.2046947,28.1112917,30.6940835
main,mac,3840,2160,12,rgba8,compare,base,3,18.7268125,18.649354199999998,22.206639
main,mac,3840,2160,12,rgba8,compare,cc,3,18.6251562,18.5812605,19.382823
main,mac,3840,2160,12,rgba8,compare,cs,3,17.6366665,17.3824895,17.688625
main,mac,3840,2160,12,rgba8,compare,ss,3,20.132958300000002,20.116111,20.239888699999998
main,mac,3840,2160,12,rgba8,pair,base,3,57.0848335,56.065354,57.6999375
main,mac,3840,2160,12,rgba8,pair,cc,3,47.0349585,46.2722085,48.6458545
main,mac,3840,2160,12,rgba8,pair,cs,3,39.945979,39.6591665,39.972417
main,mac,3840,2160,12,rgba8,pair,ss,3,36.699521,36.202625,37.474292
main,mac,3840,2160,6,linear,candidate,base,3,34.2235835,34.023604,35.396125
main,mac,3840,2160,6,linear,candidate,cc,3,35.257625,33.5339165,35.3105625
main,mac,3840,2160,6,linear,candidate,cs,3,28.559375,28.0170553,28.961514
main,mac,3840,2160,6,linear,candidate,ss,3,32.9452705,32.6813125,32.980146
main,mac,3840,2160,6,linear,compare,base,3,19.006375,18.7966042,20.784055300000002
main,mac,3840,2160,6,linear,compare,cc,3,20.489597,18.6483438,20.5514723
main,mac,3840,2160,6,linear,compare,cs,3,21.233375,21.0361947,21.9276807
main,mac,3840,2160,6,linear,compare,ss,3,25.3219167,25.127861,27.5010417
main,mac,3840,2160,6,linear,pair,base,3,48.862708,48.182229,49.1411455
main,mac,3840,2160,6,linear,pair,cc,3,48.386875,48.346667,48.9367085
main,mac,3840,2160,6,linear,pair,cs,3,43.5504585,43.2902915,44.407625
main,mac,3840,2160,6,linear,pair,ss,3,38.6482915,38.501396,41.321292
main,mac,3840,2160,6,rgba8,candidate,base,3,40.708604,39.5310625,41.5006665
main,mac,3840,2160,6,rgba8,candidate,cc,3,34.0433125,33.158604,34.38725
main,mac,3840,2160,6,rgba8,candidate,cs,3,29.837291699999998,29.0669027,32.245271
main,mac,3840,2160,6,rgba8,candidate,ss,3,33.6706455,33.0275,37.882229
main,mac,3840,2160,6,rgba8,compare,base,3,18.93175,18.9115835,19.1939062
main,mac,3840,2160,6,rgba8,compare,cc,3,19.0498438,18.8765522,19.1854792
main,mac,3840,2160,6,rgba8,compare,cs,3,21.3485,21.214097300000002,21.39475
main,mac,3840,2160,6,rgba8,compare,ss,3,25.205625,25.0897083,27.4650557
main,mac,3840,2160,6,rgba8,pair,base,3,61.605083,60.908708,63.0965
main,mac,3840,2160,6,rgba8,pair,cc,3,49.8776665,49.3340205,49.9722705
main,mac,3840,2160,6,rgba8,pair,cs,3,45.225729,45.0915625,48.0459165
main,mac,3840,2160,6,rgba8,pair,ss,3,43.1499375,43.0851875,45.3337085
main,mac,4097,2048,6,rgba8,candidate,base,3,42.4266665,42.0378125,42.574229
main,mac,4097,2048,6,rgba8,candidate,cc,3,36.456875,35.632333,37.386729
main,mac,4097,2048,6,rgba8,candidate,cs,3,31.7033125,31.618521,32.9860625
main,mac,4097,2048,6,rgba8,candidate,ss,3,37.2150625,36.450146,39.8473125
main,mac,4097,2048,6,rgba8,compare,base,3,19.535125,18.4361562,19.586468800000002
main,mac,4097,2048,6,rgba8,compare,cc,3,19.1882605,18.8982605,19.855948
main,mac,4097,2048,6,rgba8,compare,cs,3,22.701041699999998,21.4384723,23.7065
main,mac,4097,2048,6,rgba8,compare,ss,3,28.2307363,27.1383887,30.9149165
main,mac,4097,2048,6,rgba8,pair,base,3,64.288375,62.991792,64.847833
main,mac,4097,2048,6,rgba8,pair,cc,3,53.517167,52.852375,53.8188125
main,mac,4097,2048,6,rgba8,pair,cs,3,48.6754375,47.7435,50.506271
main,mac,4097,2048,6,rgba8,pair,ss,3,45.8506665,45.5185415,48.9164585
main,mac,512,512,1,linear,candidate,base,3,3.9023672,3.8957604,3.9345781
main,mac,512,512,1,linear,candidate,cc,3,3.8898593999999997,3.8260572,4.0132139
main,mac,512,512,1,linear,candidate,cs,3,3.3426227,3.3345047,3.347794
main,mac,512,512,1,linear,candidate,ss,3,4.2795195,4.169275,4.2838805
main,mac,512,512,1,linear,compare,base,3,1.4060136,1.259717,1.4106279
main,mac,512,512,1,linear,compare,cc,3,1.4057326,1.2603325,1.4089923
main,mac,512,512,1,linear,compare,cs,3,2.3322548,2.1375287000000003,2.3400689
main,mac,512,512,1,linear,compare,ss,3,3.1526521,2.8988392999999997,3.1709912
main,mac,512,512,1,linear,pair,base,3,5.4709507,5.0448785,5.4741667000000005
main,mac,512,512,1,linear,pair,cc,3,5.468037799999999,5.047260400000001,5.4701023
main,mac,512,512,1,linear,pair,cs,3,5.6776402,5.2256944,5.8371023
main,mac,512,512,1,linear,pair,ss,3,5.1103368,4.7641475,5.2451979
main,mac,512,512,1,rgba8,candidate,base,3,4.1159945,3.693326,4.1190055
main,mac,512,512,1,rgba8,candidate,cc,3,4.12075,3.6995318999999998,4.132952700000001
main,mac,512,512,1,rgba8,candidate,cs,3,3.6169731,3.2564605,3.6206372
main,mac,512,512,1,rgba8,candidate,ss,3,4.4218989,3.9180599,4.4262350999999995
main,mac,512,512,1,rgba8,compare,base,3,1.4460665,1.4431943999999999,1.4510406999999999
main,mac,512,512,1,rgba8,compare,cc,3,1.445124,1.4434177,1.4468621000000002
main,mac,512,512,1,rgba8,compare,cs,3,2.3293205,2.3284535,2.3306378
main,mac,512,512,1,rgba8,compare,ss,3,3.1409271000000003,3.1405479,3.1586601
main,mac,512,512,1,rgba8,pair,base,3,6.0158416,5.4982084,6.1834292
main,mac,512,512,1,rgba8,pair,cc,3,6.0274584,5.430635400000001,6.0537625
main,mac,512,512,1,rgba8,pair,cs,3,5.5543712,5.0164827,5.555662900000001
main,mac,512,512,1,rgba8,pair,ss,3,5.6098485,5.0949271,5.6205757
main,mac,512,512,12,linear,candidate,base,3,1.3380028,1.3294819,1.4031192
main,mac,512,512,12,linear,candidate,cc,3,1.3537074,1.3465926000000001,1.3864744
main,mac,512,512,12,linear,candidate,cs,3,1.1163448999999999,1.0844263,1.1290833
main,mac,512,512,12,linear,candidate,ss,3,1.2111875,1.1873946000000002,1.224835
main,mac,512,512,12,linear,compare,base,3,0.7366133,0.7246826999999999,0.7738761
main,mac,512,512,12,linear,compare,cc,3,0.741769,0.7145941,0.7814432
main,mac,512,512,12,linear,compare,cs,3,0.736407,0.736375,0.7368800999999999
main,mac,512,512,12,linear,compare,ss,3,0.8396376999999999,0.8371997,0.8416383000000001
main,mac,512,512,12,linear,pair,base,3,1.938918,1.9132122,1.9737621
main,mac,512,512,12,linear,pair,cc,3,1.976672,1.9420457,1.9856465
main,mac,512,512,12,linear,pair,cs,3,1.6929039,1.6658266000000002,1.7104213000000001
main,mac,512,512,12,linear,pair,ss,3,1.5397271000000001,1.5222833,1.5439455
main,mac,512,512,12,rgba8,candidate,base,3,1.5307573,1.4545773999999998,1.5435011
main,mac,512,512,12,rgba8,candidate,cc,3,1.3159656000000002,1.3111214,1.374696
main,mac,512,512,12,rgba8,candidate,cs,3,1.1428656000000001,1.1306318999999998,1.1469481000000001
main,mac,512,512,12,rgba8,candidate,ss,3,1.2506336999999998,1.2340373999999998,1.2530721
main,mac,512,512,12,rgba8,compare,base,3,0.7277224,0.7243071999999999,0.7281165
main,mac,512,512,12,rgba8,compare,cc,3,0.7321036999999999,0.7277967,0.8298088
main,mac,512,512,12,rgba8,compare,cs,3,0.7407541,0.7371463,0.740945
main,mac,512,512,12,rgba8,compare,ss,3,0.8413246999999999,0.8411534,0.8423575999999999
main,mac,512,512,12,rgba8,pair,base,3,2.3309215,2.3037901,2.3320673
main,mac,512,512,12,rgba8,pair,cc,3,1.907668,1.8797891,1.9135924
main,mac,512,512,12,rgba8,pair,cs,3,1.7090347,1.6861978999999998,1.7615345
main,mac,512,512,12,rgba8,pair,ss,3,1.6859363,1.6586182,1.6948588
main,mac,512,512,6,linear,candidate,base,3,1.210695,1.2035333000000001,1.2504531
main,mac,512,512,6,linear,candidate,cc,3,1.2223792,1.2059158,1.2515755
main,mac,512,512,6,linear,candidate,cs,3,1.0596243,1.0363355,1.0892158
main,mac,512,512,6,linear,candidate,ss,3,1.2367857,1.2136517,1.2603568
main,mac,512,512,6,linear,compare,base,3,0.6506788,0.6470341,0.6610197
main,mac,512,512,6,linear,compare,cc,3,0.6616711999999999,0.6568782,0.6652861999999999
main,mac,512,512,6,linear,compare,cs,3,0.742607,0.7408467,0.7432906
main,mac,512,512,6,linear,compare,ss,3,0.9118845,0.9107721,0.9157240999999999
main,mac,512,512,6,linear,pair,base,3,1.7459203,1.7277666999999999,1.7510393
main,mac,512,512,6,linear,pair,cc,3,1.7496213999999999,1.7430226000000002,1.7643941
main,mac,512,512,6,linear,pair,cs,3,1.5616944,1.5572917,1.5623526
main,mac,512,512,6,linear,pair,ss,3,1.4842195,1.4727693,1.4916494
main,mac,512,512,6,rgba8,candidate,base,3,1.3711381999999999,1.3480028,1.4157703000000001
main,mac,512,512,6,rgba8,candidate,cc,3,1.1333678999999999,1.1255509,1.1475936
main,mac,512,512,6,rgba8,candidate,cs,3,1.0658698999999998,1.0642528999999998,1.1066765
main,mac,512,512,6,rgba8,candidate,ss,3,1.2521398000000001,1.2416463,1.3146984
main,mac,512,512,6,rgba8,compare,base,3,0.6458647,0.6290929000000001,0.6522269
main,mac,512,512,6,rgba8,compare,cc,3,0.6479821,0.6097646999999999,0.8621619
main,mac,512,512,6,rgba8,compare,cs,3,0.7440828,0.7076382,0.7492114
main,mac,512,512,6,rgba8,compare,ss,3,0.9099249,0.8743599000000001,0.9631799
main,mac,512,512,6,rgba8,pair,base,3,2.1041149,2.1015819,2.1310876000000003
main,mac,512,512,6,rgba8,pair,cc,3,1.6880405,1.6758908000000001,1.7332726
main,mac,512,512,6,rgba8,pair,cs,3,1.6617252,1.6239831,1.6802454
main,mac,512,512,6,rgba8,pair,ss,3,1.5886272,1.5730363,1.630607
main,mac,513,511,6,rgba8,candidate,base,3,1.4025223,1.3745786,1.4182616000000001
main,mac,513,511,6,rgba8,candidate,cc,3,1.1478286000000002,1.1071803,1.1500188999999998
main,mac,513,511,6,rgba8,candidate,cs,3,1.0781793,1.0711594,1.1112114
main,mac,513,511,6,rgba8,candidate,ss,3,1.2588637,1.2360867,1.3092228000000001
main,mac,513,511,6,rgba8,compare,base,3,0.6721347,0.6645994000000001,0.6843168000000001
main,mac,513,511,6,rgba8,compare,cc,3,0.6563057,0.6544221,0.6570370999999999
main,mac,513,511,6,rgba8,compare,cs,3,0.7536099,0.7518151,0.7537275999999999
main,mac,513,511,6,rgba8,compare,ss,3,0.9224287,0.9211383000000001,0.9256846
main,mac,513,511,6,rgba8,pair,base,3,2.1758987999999997,2.1550149,2.1991027
main,mac,513,511,6,rgba8,pair,cc,3,1.7886691000000001,1.7661311000000002,1.8300556000000001
main,mac,513,511,6,rgba8,pair,cs,3,1.6455416999999999,1.5977179,1.6704872
main,mac,513,511,6,rgba8,pair,ss,3,1.5912292,1.5908333000000001,1.5926831000000001
post_creation,linux,3840,2160,1,rgba8,candidate,newcc,3,258.609465,257.208401,259.597839
post_creation,linux,3840,2160,1,rgba8,candidate,newcs,3,141.684066,140.099169,141.835537
post_creation,linux,3840,2160,1,rgba8,candidate,newss,3,145.978491,145.736405,145.995076
post_creation,linux,3840,2160,1,rgba8,candidate,oldcc,3,296.528811,295.830204,296.888845
post_creation,linux,3840,2160,1,rgba8,candidate,oldcs,3,156.054154,155.627307,156.826966
post_creation,linux,3840,2160,1,rgba8,candidate,oldss,3,146.275806,145.49679,146.427887
post_creation,linux,3840,2160,1,rgba8,compare,newcc,3,87.17171,87.09254,87.642915
post_creation,linux,3840,2160,1,rgba8,compare,newcs,3,61.488727,61.480842,62.398966
post_creation,linux,3840,2160,1,rgba8,compare,newss,3,71.078719,70.966136,71.114206
post_creation,linux,3840,2160,1,rgba8,compare,oldcc,3,90.753672,90.662018,90.915329
post_creation,linux,3840,2160,1,rgba8,compare,oldcs,3,61.494448,61.150455,61.980321
post_creation,linux,3840,2160,1,rgba8,compare,oldss,3,71.653661,71.204338,71.789639
post_creation,linux,3840,2160,1,rgba8,pair,newcc,3,343.917272,343.586384,344.90032
post_creation,linux,3840,2160,1,rgba8,pair,newcs,3,199.668281,199.630199,201.3023
post_creation,linux,3840,2160,1,rgba8,pair,newss,3,183.366445,182.848261,183.990314
post_creation,linux,3840,2160,1,rgba8,pair,oldcc,3,385.581283,385.24332,386.853349
post_creation,linux,3840,2160,1,rgba8,pair,oldcs,3,230.040509,230.021914,230.235714
post_creation,linux,3840,2160,1,rgba8,pair,oldss,3,183.394307,183.176583,183.463955
post_creation,linux,3840,2160,6,rgba8,candidate,newcc,3,107.649518,106.280245,115.66039
post_creation,linux,3840,2160,6,rgba8,candidate,newcs,3,50.419056,46.217827,51.9821045
post_creation,linux,3840,2160,6,rgba8,candidate,newss,3,41.5682735,38.59388,46.874549
post_creation,linux,3840,2160,6,rgba8,candidate,oldcc,3,131.590231,122.086971,133.232159
post_creation,linux,3840,2160,6,rgba8,candidate,oldcs,3,45.812373,42.2572155,54.4168235
post_creation,linux,3840,2160,6,rgba8,candidate,oldss,3,47.6953475,39.2285955,48.2617545
post_creation,linux,3840,2160,6,rgba8,compare,newcc,3,50.391759,44.234552,53.055792
post_creation,linux,3840,2160,6,rgba8,compare,newcs,3,22.37821,22.29758,22.4803467
post_creation,linux,3840,2160,6,rgba8,compare,newss,3,21.4110297,21.265981,21.7075757
post_creation,linux,3840,2160,6,rgba8,compare,oldcc,3,47.9102925,43.354199,52.886557
post_creation,linux,3840,2160,6,rgba8,compare,oldcs,3,22.4223603,22.181917,23.423617699999998
post_creation,linux,3840,2160,6,rgba8,compare,oldss,3,21.4589843,21.3836177,21.6030503
post_creation,linux,3840,2160,6,rgba8,pair,newcc,3,190.692466,178.037611,196.532838
post_creation,linux,3840,2160,6,rgba8,pair,newcs,3,121.135217,106.997166,130.791675
post_creation,linux,3840,2160,6,rgba8,pair,newss,3,66.346583,63.464028,73.38592
post_creation,linux,3840,2160,6,rgba8,pair,oldcc,3,192.926554,175.695637,203.093928
post_creation,linux,3840,2160,6,rgba8,pair,oldcs,3,116.859925,111.812212,117.98266
post_creation,linux,3840,2160,6,rgba8,pair,oldss,3,64.047868,59.3754595,69.653651
post_creation,linux,512,512,1,rgba8,candidate,newcc,3,2.994874,2.971125,3.0113906
post_creation,linux,512,512,1,rgba8,candidate,newcs,3,3.1634564,3.1568538999999998,3.222095
post_creation,linux,512,512,1,rgba8,candidate,newss,3,3.6316848,3.6136931,3.6469514
post_creation,linux,512,512,1,rgba8,candidate,oldcc,3,2.9754451,2.9677095,2.9960519
post_creation,linux,512,512,1,rgba8,candidate,oldcs,3,3.1307158,3.1107063,3.1455238
post_creation,linux,512,512,1,rgba8,candidate,oldss,3,3.605699,3.6040494,3.6578673999999998
post_creation,linux,512,512,1,rgba8,compare,newcc,3,1.156002,1.1529767,1.1791971
post_creation,linux,512,512,1,rgba8,compare,newcs,3,2.0890948000000003,2.0820493,2.1235021
post_creation,linux,512,512,1,rgba8,compare,newss,3,2.5258979,2.5240774,2.5367292999999997
post_creation,linux,512,512,1,rgba8,compare,oldcc,3,1.1436711000000002,1.1388,1.15991
post_creation,linux,512,512,1,rgba8,compare,oldcs,3,2.0840403,2.080789,2.1002102999999996
post_creation,linux,512,512,1,rgba8,compare,oldss,3,2.5532782000000003,2.5510361,2.5567477999999997
post_creation,linux,512,512,1,rgba8,pair,newcc,3,5.0716736,5.0446348,5.0949253
post_creation,linux,512,512,1,rgba8,pair,newcs,3,4.8859823,4.841916400000001,4.890554900000001
post_creation,linux,512,512,1,rgba8,pair,newss,3,4.6706982,4.646049,4.7157977
post_creation,linux,512,512,1,rgba8,pair,oldcc,3,5.0431428,4.995259099999999,5.085393
post_creation,linux,512,512,1,rgba8,pair,oldcs,3,4.8788735,4.8519878,4.996272599999999
post_creation,linux,512,512,1,rgba8,pair,oldss,3,4.6924472,4.671630700000001,4.7115072
post_creation,linux,512,512,6,rgba8,candidate,newcc,3,1.2545733000000001,1.2185871000000001,1.2631616
post_creation,linux,512,512,6,rgba8,candidate,newcs,3,0.9341558000000001,0.9310666999999999,0.9433718000000001
post_creation,linux,512,512,6,rgba8,candidate,newss,3,1.0165608000000002,1.0163893,1.0219156999999999
post_creation,linux,512,512,6,rgba8,candidate,oldcc,3,1.1229578999999998,1.0990378,1.1360618999999998
post_creation,linux,512,512,6,rgba8,candidate,oldcs,3,0.9368175,0.9331461999999999,0.9402876
post_creation,linux,512,512,6,rgba8,candidate,oldss,3,1.0172173,1.0149803,1.0173995
post_creation,linux,512,512,6,rgba8,compare,newcc,3,0.5507584,0.5447389,0.5565717
post_creation,linux,512,512,6,rgba8,compare,newcs,3,0.6031565,0.5953803000000001,0.6075261
post_creation,linux,512,512,6,rgba8,compare,newss,3,0.6907111,0.6867894,0.6936664
post_creation,linux,512,512,6,rgba8,compare,oldcc,3,0.5510742,0.5469177,0.5540866
post_creation,linux,512,512,6,rgba8,compare,oldcs,3,0.5926044,0.5913443,0.5940633000000001
post_creation,linux,512,512,6,rgba8,compare,oldss,3,0.6989156999999999,0.6945007,0.6998072
post_creation,linux,512,512,6,rgba8,pair,newcc,3,1.9206132,1.9056398,1.926247
post_creation,linux,512,512,6,rgba8,pair,newcs,3,1.4929291999999998,1.4916661,1.4998555
post_creation,linux,512,512,6,rgba8,pair,newss,3,1.3352917,1.3319045,1.3371678999999999
post_creation,linux,512,512,6,rgba8,pair,oldcc,3,1.6589376,1.6395746,1.6593165
post_creation,linux,512,512,6,rgba8,pair,oldcs,3,1.3650269,1.3590604,1.3671767
post_creation,linux,512,512,6,rgba8,pair,oldss,3,1.330396,1.3289088,1.3358416000000002
post_creation,mac,3840,2160,1,rgba8,candidate,newcc,3,105.680375,105.282542,108.401041
post_creation,mac,3840,2160,1,rgba8,candidate,newcs,3,107.973625,107.78325,108.338125
post_creation,mac,3840,2160,1,rgba8,candidate,newss,3,132.939792,131.513541,133.471958
post_creation,mac,3840,2160,1,rgba8,candidate,oldcc,3,106.235875,105.314166,107.44825
post_creation,mac,3840,2160,1,rgba8,candidate,oldcs,3,108.224417,108.12875,108.394292
post_creation,mac,3840,2160,1,rgba8,candidate,oldss,3,132.971958,131.782917,133.790666
post_creation,mac,3840,2160,1,rgba8,compare,newcc,3,42.98,42.539333,45.6997085
post_creation,mac,3840,2160,1,rgba8,compare,newcs,3,70.200708,70.178584,70.594
post_creation,mac,3840,2160,1,rgba8,compare,newss,3,93.793375,93.543375,93.996625
post_creation,mac,3840,2160,1,rgba8,compare,oldcc,3,41.973604,41.9227085,42.0034585
post_creation,mac,3840,2160,1,rgba8,compare,oldcs,3,70.018875,69.970375,72.089291
post_creation,mac,3840,2160,1,rgba8,compare,oldss,3,93.66,93.6555,95.350917
post_creation,mac,3840,2160,1,rgba8,pair,newcc,3,169.62825,168.834917,170.173083
post_creation,mac,3840,2160,1,rgba8,pair,newcs,3,171.513083,171.460708,173.33175
post_creation,mac,3840,2160,1,rgba8,pair,newss,3,169.87675,169.453208,170.039375
post_creation,mac,3840,2160,1,rgba8,pair,oldcc,3,167.944458,167.535833,173.001333
post_creation,mac,3840,2160,1,rgba8,pair,oldcs,3,171.268458,171.046792,175.755042
post_creation,mac,3840,2160,1,rgba8,pair,oldss,3,170.898375,170.500291,174.363292
post_creation,mac,3840,2160,12,rgba8,candidate,newcc,3,34.8543125,34.6838955,35.3887295
post_creation,mac,3840,2160,12,rgba8,candidate,newcs,3,26.183736,25.3885973,26.2851943
post_creation,mac,3840,2160,12,rgba8,candidate,newss,3,29.035611,28.1895137,30.3485415
post_creation,mac,3840,2160,12,rgba8,candidate,oldcc,3,32.7650835,32.629479,32.8719375
post_creation,mac,3840,2160,12,rgba8,candidate,oldcs,3,26.133722,26.1029583,27.178125
post_creation,mac,3840,2160,12,rgba8,candidate,oldss,3,30.0208057,28.3936807,31.277875
post_creation,mac,3840,2160,12,rgba8,compare,newcc,3,18.398073,18.376385199999998,18.5265938
post_creation,mac,3840,2160,12,rgba8,compare,newcs,3,17.6419895,17.6399895,17.8020835
post_creation,mac,3840,2160,12,rgba8,compare,newss,3,21.505153,20.1249167,21.8941667
post_creation,mac,3840,2160,12,rgba8,compare,oldcc,3,18.551520800000002,18.502354,19.5168438
post_creation,mac,3840,2160,12,rgba8,compare,oldcs,3,17.849823,17.4512918,18.2602082
post_creation,mac,3840,2160,12,rgba8,compare,oldss,3,21.4848193,20.097229,21.9567777
post_creation,mac,3840,2160,12,rgba8,pair,newcc,3,51.334417,50.9496875,51.3671665
post_creation,mac,3840,2160,12,rgba8,pair,newcs,3,43.4433335,41.529625,44.325229
post_creation,mac,3840,2160,12,rgba8,pair,newss,3,38.8744375,36.728167,39.410625
post_creation,mac,3840,2160,12,rgba8,pair,oldcc,3,46.87425,45.988875,48.439542
post_creation,mac,3840,2160,12,rgba8,pair,oldcs,3,41.5774375,39.665417,41.8340415
post_creation,mac,3840,2160,12,rgba8,pair,oldss,3,39.3559375,36.9440625,39.36
post_creation,mac,3840,2160,6,rgba8,candidate,newcc,3,35.9140625,35.393729,36.1361045
post_creation,mac,3840,2160,6,rgba8,candidate,newcs,3,30.1091875,29.874764,32.4269795
post_creation,mac,3840,2160,6,rgba8,candidate,newss,3,34.2974375,33.763458,37.227875
post_creation,mac,3840,2160,6,rgba8,candidate,oldcc,3,34.5285205,34.137625,34.695
post_creation,mac,3840,2160,6,rgba8,candidate,oldcs,3,30.1172085,29.6241527,32.5749375
post_creation,mac,3840,2160,6,rgba8,candidate,oldss,3,35.0719165,33.6467085,38.4342915
post_creation,mac,3840,2160,6,rgba8,compare,newcc,3,18.880052,18.7867395,20.210097
post_creation,mac,3840,2160,6,rgba8,compare,newcs,3,22.836375,21.0238057,23.0045833
post_creation,mac,3840,2160,6,rgba8,compare,newss,3,27.611722,25.4998057,28.0683333
post_creation,mac,3840,2160,6,rgba8,compare,oldcc,3,19.3119898,19.150125,19.507281199999998
post_creation,mac,3840,2160,6,rgba8,compare,oldcs,3,22.68175,21.246847,22.706861
post_creation,mac,3840,2160,6,rgba8,compare,oldss,3,27.6616943,26.314569300000002,28.051541699999998
post_creation,mac,3840,2160,6,rgba8,pair,newcc,3,53.0033335,52.8792705,53.198479
post_creation,mac,3840,2160,6,rgba8,pair,newcs,3,46.9967295,46.019833,48.454375
post_creation,mac,3840,2160,6,rgba8,pair,newss,3,44.214396,42.9777915,46.2085
post_creation,mac,3840,2160,6,rgba8,pair,oldcc,3,49.52675,49.5147085,50.5751875
post_creation,mac,3840,2160,6,rgba8,pair,oldcs,3,46.835104,45.568875,48.0325625
post_creation,mac,3840,2160,6,rgba8,pair,oldss,3,44.6031455,42.3653125,46.320021
post_creation,mac,512,512,1,rgba8,candidate,newcc,3,3.3677707999999997,3.3626829,3.4799722
post_creation,mac,512,512,1,rgba8,candidate,newcs,3,3.5152616,3.5140787,3.5408579
post_creation,mac,512,512,1,rgba8,candidate,newss,3,4.4422470999999994,4.424511900000001,4.4451964
post_creation,mac,512,512,1,rgba8,candidate,oldcc,3,4.123075,4.122527799999999,4.1322556
post_creation,mac,512,512,1,rgba8,candidate,oldcs,3,3.6284067999999996,3.6215686000000002,3.716951
post_creation,mac,512,512,1,rgba8,candidate,oldss,3,4.4399017999999995,4.4290595,4.44175
post_creation,mac,512,512,1,rgba8,compare,newcc,3,1.4596607,1.4008963,1.5049594
post_creation,mac,512,512,1,rgba8,compare,newcs,3,2.3391571,2.3350401,2.4025416
post_creation,mac,512,512,1,rgba8,compare,newss,3,3.1404853999999998,3.1371104,3.2293268
post_creation,mac,512,512,1,rgba8,compare,oldcc,3,1.4437877,1.4433551,1.4771037
post_creation,mac,512,512,1,rgba8,compare,oldcs,3,2.3299439,2.3231651,2.33025
post_creation,mac,512,512,1,rgba8,compare,oldss,3,3.1447521000000003,3.1404313,3.1528104
post_creation,mac,512,512,1,rgba8,pair,newcc,3,5.286451400000001,5.2736700999999995,5.4073993
post_creation,mac,512,512,1,rgba8,pair,newcs,3,5.4156701,5.4124375,5.4191007
post_creation,mac,512,512,1,rgba8,pair,newss,3,5.6010833,5.5991818,5.6053712
post_creation,mac,512,512,1,rgba8,pair,oldcc,3,6.0296667,6.0269958,6.1096375
post_creation,mac,512,512,1,rgba8,pair,oldcs,3,5.5288371,5.5282652,5.6856213
post_creation,mac,512,512,1,rgba8,pair,oldss,3,5.6184129,5.6016667,5.6264962
post_creation,mac,512,512,12,rgba8,candidate,newcc,3,1.4941606,1.4147045,1.5847796
post_creation,mac,512,512,12,rgba8,candidate,newcs,3,1.1483098,1.1470063000000001,1.1554231000000001
post_creation,mac,512,512,12,rgba8,candidate,newss,3,1.2638203000000001,1.2453707,1.2725365
post_creation,mac,512,512,12,rgba8,candidate,oldcc,3,1.3412,1.2592101,1.3882045
post_creation,mac,512,512,12,rgba8,candidate,oldcs,3,1.1516407,1.1499426000000001,1.1568026999999999
post_creation,mac,512,512,12,rgba8,candidate,oldss,3,1.2845771000000001,1.2516606000000001,1.2938803
post_creation,mac,512,512,12,rgba8,compare,newcc,3,0.7920235999999999,0.7345107,0.8175062
post_creation,mac,512,512,12,rgba8,compare,newcs,3,0.7386499,0.7362891,0.7440087
post_creation,mac,512,512,12,rgba8,compare,newss,3,0.8397049,0.8389664,0.8411765
post_creation,mac,512,512,12,rgba8,compare,oldcc,3,0.7807819,0.7323419,0.8608089
post_creation,mac,512,512,12,rgba8,compare,oldcs,3,0.7362226,0.7277319,0.7364395
post_creation,mac,512,512,12,rgba8,compare,oldss,3,0.8367407,0.8333524,0.8368003
post_creation,mac,512,512,12,rgba8,pair,newcc,3,2.1934955,2.1808586,2.2246018999999997
post_creation,mac,512,512,12,rgba8,pair,newcs,3,1.8723043000000001,1.8666263,1.8932331
post_creation,mac,512,512,12,rgba8,pair,newss,3,1.6887026,1.6531971,1.7143819
post_creation,mac,512,512,12,rgba8,pair,oldcc,3,1.9104688,1.8825182,1.9140885
post_creation,mac,512,512,12,rgba8,pair,oldcs,3,1.7510679,1.7370107,1.7876336000000002
post_creation,mac,512,512,12,rgba8,pair,oldss,3,1.6764734,1.6564583,1.7193655
post_creation,mac,512,512,6,rgba8,candidate,newcc,3,1.2895824,1.2047858,1.3080851
post_creation,mac,512,512,6,rgba8,candidate,newcs,3,1.0634225,1.0632771,1.1058371
post_creation,mac,512,512,6,rgba8,candidate,newss,3,1.3025417,1.2406199,1.314991
post_creation,mac,512,512,6,rgba8,candidate,oldcc,3,1.1320841000000001,1.0967871,1.2306825
post_creation,mac,512,512,6,rgba8,candidate,oldcs,3,1.091593,1.0751941999999999,1.1116049
post_creation,mac,512,512,6,rgba8,candidate,oldss,3,1.3034628000000001,1.2445468,1.3182183
post_creation,mac,512,512,6,rgba8,compare,newcc,3,0.6400256999999999,0.6354114000000001,0.7422289
post_creation,mac,512,512,6,rgba8,compare,newcs,3,0.7427731,0.7399024000000001,0.7593276
post_creation,mac,512,512,6,rgba8,compare,newss,3,0.9086225,0.9059571,0.9542646
post_creation,mac,512,512,6,rgba8,compare,oldcc,3,0.6468965,0.6423892,0.7462191
post_creation,mac,512,512,6,rgba8,compare,oldcs,3,0.742177,0.7419141,0.7624805
post_creation,mac,512,512,6,rgba8,compare,oldss,3,0.9124331,0.9063458000000001,0.9796485
post_creation,mac,512,512,6,rgba8,pair,newcc,3,1.8754062,1.8643106,1.8866848999999999
post_creation,mac,512,512,6,rgba8,pair,newcs,3,1.6846991,1.6647612,1.7262762
post_creation,mac,512,512,6,rgba8,pair,newss,3,1.6335676000000001,1.5697447,1.6763333
post_creation,mac,512,512,6,rgba8,pair,oldcc,3,1.7265357,1.7236655,1.7427333
post_creation,mac,512,512,6,rgba8,pair,oldcs,3,1.6284279,1.6259505,1.7038067
post_creation,mac,512,512,6,rgba8,pair,oldss,3,1.6525596999999999,1.5798223999999998,1.6710752
